{"_timestamp":1.7742725478584218e+09,"_wandb":{"runtime":41},"_runtime":41,"_step":0,"loss":7.101014137268066,"lr":0.0004999943063298098,"epoch_Time":231}