{"_wandb":{"runtime":118},"epoch_Time":120,"loss":6.386061668395996,"lr":0.000499977225607398,"_runtime":118,"_step":1,"_timestamp":1.7742727590314744e+09}